<?xml version="1.0" encoding="UTF-8"?>
<beans
	xmlns="http://www.springframework.org/schema/beans"
	xmlns:xsi="http://www.w3.org/2001/XMLSchema-instance"
	xmlns:p="http://www.springframework.org/schema/p"
	xsi:schemaLocation="http://www.springframework.org/schema/beans http://www.springframework.org/schema/beans/spring-beans-3.0.xsd">

<bean id="welcome" class="com.ford.cores.WelcomeMessage">

</bean>

<bean id ="emp1" class="com.ford.cores.Employee">
	<constructor-arg value="E001" ></constructor-arg>
	<constructor-arg value="Suman Kumar" ></constructor-arg>
	<constructor-arg value="Vijayanagar" ></constructor-arg>
	<constructor-arg value="9829992992" ></constructor-arg>
	<constructor-arg value="1234.56" ></constructor-arg>
</bean>

<bean id ="emp2" class="com.ford.cores.Employee">
	<constructor-arg value="E002" ></constructor-arg>
	<constructor-arg value="Kiran Kumar" ></constructor-arg>
	<constructor-arg value="Jayanagar" ></constructor-arg>
	<constructor-arg value="9829645992" ></constructor-arg>
	<constructor-arg value="2234.56" ></constructor-arg>
</bean>
<bean id ="emp3" class="com.ford.cores.Employee">
	<constructor-arg value="E003" ></constructor-arg>
	<constructor-arg value="Kishore Kumar" ></constructor-arg>
	<constructor-arg value="Gandhinagar" ></constructor-arg>
	<constructor-arg value="9635445992" ></constructor-arg>
</bean>
<bean id ="emp4" class="com.ford.cores.Employee">
	<constructor-arg value="E004" ></constructor-arg>
	<constructor-arg value="Rajesh Kumar" ></constructor-arg>
	<constructor-arg value="Ganganagar" ></constructor-arg>
</bean>

</beans>