<?xml version="1.0" encoding="UTF-8"?>
<beans
	xmlns="http://www.springframework.org/schema/beans"
	xmlns:xsi="http://www.w3.org/2001/XMLSchema-instance"
	xmlns:p="http://www.springframework.org/schema/p"
	xsi:schemaLocation="http://www.springframework.org/schema/beans http://www.springframework.org/schema/beans/spring-beans-3.0.xsd">


<bean id="cust1" class="com.cts.beans.Customer">
	<constructor-arg value="C001"></constructor-arg>
	<constructor-arg value="Kiran Kumar"></constructor-arg>
	<constructor-arg value="120000"></constructor-arg>
	<constructor-arg>
		<list>
			<value>Refrigerator</value>
			<value>Television</value>
			<value>Washing Machine</value>
			<value>AirConditioner</value>
			<value>MicroWave</value>
		</list>
	</constructor-arg>
</bean>
<bean id="cust2" class="com.cts.beans.Customer">
	<constructor-arg value="C002"></constructor-arg>
	<constructor-arg value="Kishore Kumar"></constructor-arg>
	<constructor-arg value="150000"></constructor-arg>
	<constructor-arg>
		<list>
			<value>Refrigerator</value>
			<value>BlueRay</value>
			<value>Dish Washer</value>
			<value>HomeTheatre</value>
			<value>MicroWave</value>
		</list>
	</constructor-arg>
</bean>




</beans>