<?xml version="1.0" encoding="UTF-8"?>
<beans
	xmlns="http://www.springframework.org/schema/beans"
	xmlns:xsi="http://www.w3.org/2001/XMLSchema-instance"
	xmlns:p="http://www.springframework.org/schema/p"
	xsi:schemaLocation="http://www.springframework.org/schema/beans http://www.springframework.org/schema/beans/spring-beans-3.0.xsd">


<bean id="ans1" class="com.cts.beans.Answer">
	<constructor-arg value="a001"></constructor-arg>
	<constructor-arg value="Harsha"></constructor-arg>
	<constructor-arg>
		<list>
			<value>SpringMVC is a JEE Framework</value>
			<value>SpringMVC is a Lightweight Framework</value>
			<value>SpringMVC is a Framework to Create MVC Base Apps</value>			
		</list>
	</constructor-arg>
</bean>
<bean id="ans2" class="com.cts.beans.Answer">
	<constructor-arg value="a002"></constructor-arg>
	<constructor-arg value="Suman"></constructor-arg>
	<constructor-arg>
		<list>
			<value>SpringMVC is a JEE Framework</value>
			<value>Spring MVC provides Dependency Injection</value>
			<value>SpringMVC Provides  IOC feature</value>			
		</list>
	</constructor-arg>
</bean>
<bean id="ans3" class="com.cts.beans.Answer">
	<constructor-arg value="a003"></constructor-arg>
	<constructor-arg value="Rajesh"></constructor-arg>
	<constructor-arg>
		<list>
			<value>SpringMVC is a JEE Framework</value>
			<value>SpringMVC is a Framework supporting various ORMs</value>
			<value>SpringMVC is a Framework heling to Create WebServices</value>			
		</list>
	</constructor-arg>
</bean>
<bean id="ans4" class="com.cts.beans.Answer">
	<constructor-arg value="a004"></constructor-arg>
	<constructor-arg value="Harsha"></constructor-arg>
	<constructor-arg>
		<list>
			<value>MVC is an Architectural Style</value>
			<value>MVC is advantageous over traditional 3 Tier Arch</value>
			<value>MVC supports Segregation of Concern</value>			
		</list>
	</constructor-arg>
</bean>
<bean id="ans5" class="com.cts.beans.Answer">
	<constructor-arg value="a005"></constructor-arg>
	<constructor-arg value="Suman"></constructor-arg>
	<constructor-arg>
		<list>
			<value>MVC is a Architecture Level Design Pattern</value>
			<value>MVC enforces Dependency Injection</value>
			<value>MVC Apps are easy to Maintain</value>			
		</list>
	</constructor-arg>
</bean>
<bean id="ans6" class="com.cts.beans.Answer">
	<constructor-arg value="a006"></constructor-arg>
	<constructor-arg value="Rajesh"></constructor-arg>
	<constructor-arg>
		<list>
			<value>MVC is an Architectural Style</value>
			<value>MVC supports segregation thru Model View and Controller</value>
			<value>MVC makes it mandatory for segregation of Concerns</value>			
		</list>
	</constructor-arg>
</bean>


<bean id="q1" class="com.cts.beans.Question">
	<constructor-arg value="Q001"></constructor-arg>
	<constructor-arg value="What is SpringMVC"></constructor-arg>
	<constructor-arg>
		<list>
			<ref bean="ans1" />
			<ref bean="ans2" />
			<ref bean="ans3" />
		</list>
	</constructor-arg>

</bean>

<bean id="q2" class="com.cts.beans.Question">
	<constructor-arg value="Q002"></constructor-arg>
	<constructor-arg value="What is MVC"></constructor-arg>
	<constructor-arg>
		<list>
			<ref bean="ans4" />
			<ref bean="ans5" />
			<ref bean="ans6" />
		</list>
	</constructor-arg>

</bean>


</beans>