<?xml version="1.0" encoding="UTF-8"?>
<beans
	xmlns="http://www.springframework.org/schema/beans"
	xmlns:xsi="http://www.w3.org/2001/XMLSchema-instance"
	xmlns:p="http://www.springframework.org/schema/p"
	xsi:schemaLocation="http://www.springframework.org/schema/beans http://www.springframework.org/schema/beans/spring-beans-3.0.xsd">

	<bean id="emp1" class="com.cts.beans.EmployeeBean">
		
	</bean>
	<bean id="emp2" class="com.cts.beans.EmployeeBean">
		
	</bean>
	
	<bean id="emp3" class="com.cts.beans.EmployeeBean">
		<constructor-arg value="E001"></constructor-arg>
	</bean>
	<bean id="emp4" class="com.cts.beans.EmployeeBean">
		<constructor-arg value="E001"></constructor-arg>
		<constructor-arg value="Harsha"></constructor-arg>
	</bean>
	<bean id="emp5" class="com.cts.beans.EmployeeBean">
		<constructor-arg value="E001"></constructor-arg>
		<constructor-arg value="Harsha"></constructor-arg>
		<constructor-arg value="1000" type="int"></constructor-arg>
	</bean>
	<bean id="addr1" class="com.cts.beans.Address">
		<constructor-arg value="Berlie Street"></constructor-arg>
		<constructor-arg value="AzadNagar"></constructor-arg>
		<constructor-arg value="Bangalore"></constructor-arg>
		<constructor-arg value="Karnataka"></constructor-arg>
	</bean>
	
	<bean id="emp6" class="com.cts.beans.EmployeeBean">
		<constructor-arg value="E001"></constructor-arg>
		<constructor-arg value="Suman"></constructor-arg>
		<constructor-arg value="1500" type="int"></constructor-arg>
		<constructor-arg>
			<ref bean="addr1" />
		</constructor-arg>
	</bean>
	
	<bean id="addr2" class="com.cts.beans.Address">
		<constructor-arg value="Anson Street"></constructor-arg>
		<constructor-arg value="Koramangala"></constructor-arg>
		<constructor-arg value="Chennai"></constructor-arg>
		<constructor-arg value="TamilNadu"></constructor-arg>
	</bean>
	
	<bean id="emp7" class="com.cts.beans.EmployeeBean">
		<constructor-arg value="E007"></constructor-arg>
		<constructor-arg value="Kiran"></constructor-arg>
		<constructor-arg value="1500" type="int"></constructor-arg>
		<constructor-arg>
			<ref bean="addr2" />
		</constructor-arg>
	</bean>
	
	
</beans>