<beans
	xmlns="http://www.springframework.org/schema/beans"
	xmlns:xsi="http://www.w3.org/2001/XMLSchema-instance"
	xmlns:p="http://www.springframework.org/schema/p"
	xsi:schemaLocation="http://www.springframework.org/schema/beans http://www.springframework.org/schema/beans/spring-beans-3.0.xsd">

<bean id="bean1" class="com.ford.beans.MyBean"></bean>

<bean id="emp1" class="com.ford.beans.Employee">
	<constructor-arg value="E001"></constructor-arg>
	<constructor-arg value="Harsha"></constructor-arg>
	<constructor-arg value="9489499494"></constructor-arg>
</bean>

<bean id="emp2" class="com.ford.beans.Employee">
	<constructor-arg value="E001"></constructor-arg>
	<constructor-arg value="Harsha"></constructor-arg>
	<constructor-arg value="9489499494"></constructor-arg>
	<constructor-arg value="1000"></constructor-arg>
	<constructor-arg value="12.34"></constructor-arg>
</bean>

<bean id="addr1" class="com.ford.beans.Address">
	<constructor-arg value="23/1"></constructor-arg>
	<constructor-arg value="Berlie St"></constructor-arg>
	<constructor-arg value="Koramangala"></constructor-arg>
	<constructor-arg value="Bangalore"></constructor-arg>
	<constructor-arg value="Karnataka"></constructor-arg>
	<constructor-arg value="560095"></constructor-arg>
</bean>

<bean id="emp3" class="com.ford.beans.Employee">
	<constructor-arg value="E001"></constructor-arg>
	<constructor-arg value="Harsha"></constructor-arg>
	<constructor-arg value="9489499494"></constructor-arg>
	<constructor-arg value="1000"></constructor-arg>
	<constructor-arg value="12.34"></constructor-arg>
	<constructor-arg>
			<ref bean="addr1" />
	</constructor-arg>
</bean>


</beans>