<beans
	xmlns="http://www.springframework.org/schema/beans"
	xmlns:xsi="http://www.w3.org/2001/XMLSchema-instance"
	xmlns:p="http://www.springframework.org/schema/p"
	xsi:schemaLocation="http://www.springframework.org/schema/beans http://www.springframework.org/schema/beans/spring-beans-3.0.xsd">

<bean id="cust1" class="com.ford.beans.Customer">
	<property name="custId" value="C001"></property> 
	<property name="custName" value="Harsha"></property> 
	<property name="custAddress" value="RTNagar"></property> 
	<property name="purchaseValue" value="12000.0"></property> 
</bean>

<bean id="prod1" class="com.ford.beans.Product">
	<property name="productId" value="P001"></property>
	<property name="productName" value="Television"></property>
	<property name="pricePerUnit" value="12000.0"></property>
	<property name="category" value="Electronic Goods"></property>
</bean>

<bean id="cust2" class="com.ford.beans.Customer">
	<property name="custId" value="C002"></property> 
	<property name="custName" value="Suman"></property> 
	<property name="custAddress" value="KRPuram"></property> 
	<property name="purchaseValue" value="13000.0"></property> 
	
	<property name="product">
		<ref bean = "prod1" />
	</property>
</bean>

</beans>