<beans
	xmlns="http://www.springframework.org/schema/beans"
	xmlns:xsi="http://www.w3.org/2001/XMLSchema-instance"
	xmlns:p="http://www.springframework.org/schema/p"
	xsi:schemaLocation="http://www.springframework.org/schema/beans http://www.springframework.org/schema/beans/spring-beans-3.0.xsd">

<bean id="quiz1" class="com.ford.collections.Quiz">
	<constructor-arg value="Group1"></constructor-arg>
	<constructor-arg value="SpringMVC"></constructor-arg>
	<constructor-arg>
			<map>
				<entry key="What is MVC?" value="MVC Is arch Level D.P"></entry>
				<entry key="What is AOP?" value="Promotes Cross Cutting Concerns."></entry>
				<entry key="What is Dependency Injection?" value="Feature of MVC by which we inject Objects dynalically"></entry>
				<entry key="What is IOC?" value="Inversion Of Control which is responsible for Dep Inj"></entry>		
			</map>
	</constructor-arg>

</bean>

<bean id="quiz2" class="com.ford.collections.Quiz">
	<constructor-arg value="Group2"></constructor-arg>
	<constructor-arg value="Polymorphism"></constructor-arg>
	<constructor-arg>
			<map>
				<entry key="What is Polymorphism?" value="Feature of OOP"></entry>
				<entry key="What is Binding?" value="Associating Ref of Functions with Objects"></entry>
				<entry key="What is Static Binding?" value="Compile Time resolution of Objects with Functions"></entry>
				<entry key="What is Late Binding?" value="Run Time resolution of Objects with Functions"></entry>		
			</map>
	</constructor-arg>

</bean>


</beans>