<?xml version="1.0" encoding="UTF-8"?>
<beans
	xmlns="http://www.springframework.org/schema/beans"
	xmlns:xsi="http://www.w3.org/2001/XMLSchema-instance"
	xmlns:p="http://www.springframework.org/schema/p"
	xsi:schemaLocation="http://www.springframework.org/schema/beans http://www.springframework.org/schema/beans/spring-beans-3.0.xsd">

<bean id="c1" class="com.cts.beans.Customer1">
	<property name="customerId" value="C001"></property>
	<property name="customerName" value="Kishore"></property>
	<property name="purchaseValue" value="20000.0"></property>
</bean>

<bean id="c2" class="com.cts.beans.Customer1">
	<property name="customerId" value="C002"></property>
	<property name="customerName" value="Rakesh"></property>
	<property name="purchaseValue" value="25000.0"></property>
</bean>

<bean id="c3" class="com.cts.beans.Customer1">
	<property name="customerId" value="C003"></property>
	<property name="customerName" value="Rajesh"></property>
	<property name="purchaseValue" value="28000.0"></property>
</bean>
<bean id="c4" class="com.cts.beans.Customer1">
	<property name="customerId" value="C004"></property>
	<property name="customerName" value="Brijesh"></property>
	<property name="purchaseValue" value="40000.0"></property>
</bean>
<bean id="p1" class="com.cts.beans.Product">
	<property name="productId" value="P001"></property>
	<property name="productName" value="Television"></property>
	<property name="pricePerUnit" value="20000.0"></property>
</bean>
<bean id="p2" class="com.cts.beans.Product">
	<property name="productId" value="P002"></property>
	<property name="productName" value="WashingMachine"></property>
	<property name="pricePerUnit" value="25000.0"></property>
</bean>
<bean id="p3" class="com.cts.beans.Product">
	<property name="productId" value="P003"></property>
	<property name="productName" value="Refrifgerator"></property>
	<property name="pricePerUnit" value="28000.0"></property>
</bean>
<bean id="p4" class="com.cts.beans.Product">
	<property name="productId" value="P004"></property>
	<property name="productName" value="BlueRay"></property>
	<property name="pricePerUnit" value="40000.0"></property>
</bean>




<bean id="pDet1" class="com.cts.beans.PurchaseDetails">
	<property name="counterId" value="C001"></property> 
	<property name="salesMan" value="Harsha"></property> 
	<property name="purchases">
		<map>
			<entry key-ref="c1" value-ref="p1" ></entry>
			<entry key-ref="c2" value-ref="p2" ></entry>
			
		</map>
	</property>
</bean>
<bean id="pDet2" class="com.cts.beans.PurchaseDetails">
	<property name="counterId" value="C002"></property> 
	<property name="salesMan" value="Suman"></property> 
	<property name="purchases">
		<map>
			<entry key-ref="c3" value-ref="p3" ></entry>
			<entry key-ref="c4" value-ref="p4" ></entry>
			
		</map>
	</property>
</bean>

</beans>