<?xml version="1.0" encoding="UTF-8"?>
<beans
	xmlns="http://www.springframework.org/schema/beans"
	xmlns:xsi="http://www.w3.org/2001/XMLSchema-instance"
	xmlns:p="http://www.springframework.org/schema/p"
	xsi:schemaLocation="http://www.springframework.org/schema/beans http://www.springframework.org/schema/beans/spring-beans-3.0.xsd">

<bean id="g1" class="com.cts.beans.Quiz">
<constructor-arg value="Gr001"></constructor-arg>
<constructor-arg value="SpringCore"></constructor-arg>
<constructor-arg>
	<map>
		<entry key="What is Spring Core?" value="SpringCore is a module of SPringMVC"></entry>
		<entry key="What is Dependency Injection?" value="SpringCore feature,which injects dependent Objects Dynamically"></entry>
		<entry key="What is the role of IOC Container?" value="IOC Container is responsible for Dependency Injection"></entry>
		<entry key="Why its Called IOC ?" value="Since the Responsibility is with Container to load dependencies"></entry>
		<entry key="What are the features exhibited by IOC" value="AOP,AspectJ,Internationalization,DependencyInjection,IOC"></entry>
	</map>
</constructor-arg>
</bean>

<bean id="g2" class="com.cts.beans.Quiz">
<constructor-arg value="Gr002"></constructor-arg>
<constructor-arg value="AspectOP"></constructor-arg>
<constructor-arg>
	<map>
		<entry key="What is AOP?" value="Aspect Oriented Programming"></entry>
		<entry key="What is Aspect Oriented Programming?" value="AOP features implementation of Next Level Modularization "></entry>
		<entry key="What is AOP level of Modularization?" value="AOP Level of Modularization is Aspect"></entry>
		<entry key="What is Aspect ?" value="Aspect can be a any Cross Cutting Concern "></entry>
		<entry key="What are examples of Cross Cutting Concerns" value="Like Authentication,Logging,Exception &amp; Transaction mgmt"></entry>
	</map>
</constructor-arg>
</bean>
</beans>