<?xml version="1.0" encoding="UTF-8"?>
<beans
	xmlns="http://www.springframework.org/schema/beans"
	xmlns:xsi="http://www.w3.org/2001/XMLSchema-instance"
	xmlns:p="http://www.springframework.org/schema/p"
	xsi:schemaLocation="http://www.springframework.org/schema/beans http://www.springframework.org/schema/beans/spring-beans-3.0.xsd">

<bean id="prod1" class="com.cts.beans.Product">
	<property name="productId" value="P001"></property>
	<property name="productName" value="Television"></property>
	<property name="pricePerUnit" value="25000"></property>
</bean>
<bean id="prod2" class="com.cts.beans.Product">
	<property name="productId" value="P002"></property>
	<property name="productName" value="Refrigerator"></property>
	<property name="pricePerUnit" value="35000"></property>
</bean>
<bean id="prod3" class="com.cts.beans.Product">
	<property name="productId" value="P003"></property>
	<property name="productName" value="HomeTheatre"></property>
	<property name="pricePerUnit" value="125000"></property>
</bean>
<bean id="prod4" class="com.cts.beans.Product">
	<property name="productId" value="P004"></property>
	<property name="productName" value="MixerGrinder"></property>
	<property name="pricePerUnit" value="18000"></property>
</bean>
<bean id="prod5" class="com.cts.beans.Product">
	<property name="productId" value="P005"></property>
	<property name="productName" value="Chimney"></property>
	<property name="pricePerUnit" value="35000"></property>
</bean>
<bean id="prod6" class="com.cts.beans.Product">
	<property name="productId" value="P006"></property>
	<property name="productName" value="BlueRay"></property>
	<property name="pricePerUnit" value="25000"></property>
</bean>
<bean id="cust1" class="com.cts.beans.Customer">
	<property name="customerId" value="C001" ></property>
	<property name="customerName" value="Harsha" ></property>
	<property name="purchaseValue" value="185000.0" ></property>
	<property name="products">
		<list>
			<!--  <value>string</value> -->
			<ref bean="prod1" />
			<ref bean="prod2" />
			<ref bean="prod3" />
		</list>
	</property>
</bean>
<bean id="cust2" class="com.cts.beans.Customer">
	<property name="customerId" value="C002" ></property>
	<property name="customerName" value="Suman" ></property>
	<property name="purchaseValue" value="78000.0" ></property>
	<property name="products">
		<list>
			<!--  <value>string</value> -->
			<ref bean="prod4" />
			<ref bean="prod5" />
			<ref bean="prod6" />
		</list>
	</property>
</bean>

</beans>