<?xml version="1.0" encoding="UTF-8"?>
<beans
	xmlns="http://www.springframework.org/schema/beans"
	xmlns:xsi="http://www.w3.org/2001/XMLSchema-instance"
	xmlns:p="http://www.springframework.org/schema/p"
	xsi:schemaLocation="http://www.springframework.org/schema/beans http://www.springframework.org/schema/beans/spring-beans-3.0.xsd">

<bean id="u1" class="com.cts.beans.User">
	<constructor-arg value="u001"></constructor-arg>
	<constructor-arg value="Harsha"></constructor-arg>
	<constructor-arg value="Developer"></constructor-arg>
</bean>
<bean id="u2" class="com.cts.beans.User">
	<constructor-arg value="u002"></constructor-arg>
	<constructor-arg value="Suman"></constructor-arg>
	<constructor-arg value="Developer"></constructor-arg>
</bean>
<bean id="u3" class="com.cts.beans.User">
	<constructor-arg value="u003"></constructor-arg>
	<constructor-arg value="Keerthana"></constructor-arg>
	<constructor-arg value="Tester"></constructor-arg>
</bean>
<bean id="u4" class="com.cts.beans.User">
	<constructor-arg value="u004"></constructor-arg>
	<constructor-arg value="Rajesh"></constructor-arg>
	<constructor-arg value="Tester"></constructor-arg>
</bean>
<bean id="u5" class="com.cts.beans.User">
	<constructor-arg value="u005"></constructor-arg>
	<constructor-arg value="Kishore"></constructor-arg>
	<constructor-arg value="Analyst"></constructor-arg>
</bean>
<bean id="u6" class="com.cts.beans.User">
	<constructor-arg value="u006"></constructor-arg>
	<constructor-arg value="Vamshi"></constructor-arg>
	<constructor-arg value="Analyst"></constructor-arg>
</bean>
<bean id="a1" class="com.cts.beans.Answer">
	<constructor-arg value="a001"></constructor-arg>
	<constructor-arg value="S stands for SINGLE RESPONSIBILITY"></constructor-arg>
</bean>
<bean id="a2" class="com.cts.beans.Answer">
	<constructor-arg value="a002"></constructor-arg>
	<constructor-arg value="S states that there can be only one reason to change in an Entity"></constructor-arg>
</bean>
<bean id="a3" class="com.cts.beans.Answer">
	<constructor-arg value="a003"></constructor-arg>
	<constructor-arg value="S emphasizes on Cohesiveness of an Entity"></constructor-arg>
</bean>
<bean id="a4" class="com.cts.beans.Answer">
	<constructor-arg value="a004"></constructor-arg>
	<constructor-arg value="Creational Patterns focus on creation of Objects economically"></constructor-arg>
</bean>
<bean id="a5" class="com.cts.beans.Answer">
	<constructor-arg value="a005"></constructor-arg>
	<constructor-arg value="Creational Patterns promote hiding of instantiation logic from  the Client modules"></constructor-arg>
</bean>
<bean id="a6" class="com.cts.beans.Answer">
	<constructor-arg value="a006"></constructor-arg>
	<constructor-arg value="Creational Patterns promote security to the Concreate Classes.."></constructor-arg>
</bean>
<bean id="quiz1" class="com.cts.beans.QuizMap">
	<constructor-arg value="Q001"></constructor-arg>
	<constructor-arg value="SOLID Principles"></constructor-arg>
	<constructor-arg value="What is S in SOLID"></constructor-arg>
	<constructor-arg>
		<map>
			<entry key-ref="u1" value-ref="a1"></entry>
			<entry key-ref="u2" value-ref="a2"></entry>
			<entry key-ref="u3" value-ref="a3"></entry>
		</map>
	</constructor-arg>
</bean>
<bean id="quiz2" class="com.cts.beans.QuizMap">
	<constructor-arg value="Q001"></constructor-arg>
	<constructor-arg value="Design Patterns"></constructor-arg>
	<constructor-arg value="What are Creational Patterns?"></constructor-arg>
	<constructor-arg>
		<map>
			<entry key-ref="u4" value-ref="a4"></entry>
			<entry key-ref="u5" value-ref="a5"></entry>
			<entry key-ref="u6" value-ref="a6"></entry>
		</map>
	</constructor-arg>
</bean>

</beans>