<beans
	xmlns="http://www.springframework.org/schema/beans"
	xmlns:xsi="http://www.w3.org/2001/XMLSchema-instance"
	xmlns:p="http://www.springframework.org/schema/p"
	xsi:schemaLocation="http://www.springframework.org/schema/beans http://www.springframework.org/schema/beans/spring-beans-3.0.xsd">

<bean id="cust1" class="com.ford.collections.Customer">
	<constructor-arg value="C001"></constructor-arg>
	<constructor-arg value="Kiran Kumar"></constructor-arg>
	<constructor-arg value="Vijayanagar"></constructor-arg>
	<constructor-arg value="100000.0"></constructor-arg>
	<constructor-arg>
		<list>
			<value>Television</value>
			<value>Mixer Grinder</value>
			<value>Blue Ray</value>
			<value>Washing Machine</value>
		</list>
	</constructor-arg>

</bean>


</beans>