<beans
	xmlns="http://www.springframework.org/schema/beans"
	xmlns:xsi="http://www.w3.org/2001/XMLSchema-instance"
	xmlns:p="http://www.springframework.org/schema/p"
	xsi:schemaLocation="http://www.springframework.org/schema/beans http://www.springframework.org/schema/beans/spring-beans-3.0.xsd">


<bean id="ans1" class="com.ford.collections.Answer">
		<constructor-arg value="A001"></constructor-arg>
		<constructor-arg value="Rakesh Singh"></constructor-arg>
		<constructor-arg>
			<list>
				<value>MVC is an architecture Level Design Pattern ..</value>
				<value>MVC is an Architectural Style..</value>
				<value>MVC promotes Segregation of Concerns..</value>
			</list>
		</constructor-arg>
</bean>

<bean id="ans2" class="com.ford.collections.Answer">
	<constructor-arg value="A002"></constructor-arg>
		<constructor-arg value="Rajesh Kumar"></constructor-arg>
		<constructor-arg>
			<list>
				<value>MVC supports Dependency Injection ..</value>
				<value>MVC Supports AOP..</value>
				<value>MVC Promotes Inversion Of Control..</value>
			</list>
		</constructor-arg>
</bean>
<bean id="ans3" class="com.ford.collections.Answer">
	<constructor-arg value="A003"></constructor-arg>
		<constructor-arg value="Suman Kumar"></constructor-arg>
		<constructor-arg>
			<list>
				<value>AOP promotes Cross Cutting Concerns ..</value>
				<value>AOP supports Next level modularization</value>
				<value>Aspect is the Building Block of AOP</value>
			</list>
		</constructor-arg>
</bean>
<bean id="ans4" class="com.ford.collections.Answer">
	<constructor-arg value="A004"></constructor-arg>
		<constructor-arg value="Keerthana"></constructor-arg>
		<constructor-arg>
			<list>
				<value>AOP can be implemented by Using AOP-XML Configuration</value>
				<value>Also it can be implemented using ANnotations of AspectJ Project</value>
				<value>AOP stands for Aspect Oriented Programming</value>
			</list>
		</constructor-arg>
</bean>

<bean id="quest1" class="com.ford.collections.Question">
	<constructor-arg value="Q001"></constructor-arg>
	<constructor-arg value="What is MVC?"></constructor-arg>
	<constructor-arg>
		<list>
			<ref bean="ans1" />
			<ref bean="ans2" />
		</list>
	</constructor-arg>
</bean>
<bean id="quest2" class="com.ford.collections.Question">
	<constructor-arg value="Q002"></constructor-arg>
	<constructor-arg value="What is AOP?"></constructor-arg>
	<constructor-arg>
		<list>
			<ref bean="ans3" />
			<ref bean="ans4" />
		</list>
	</constructor-arg>
</bean>


</beans>