<beans
	xmlns="http://www.springframework.org/schema/beans"
	xmlns:xsi="http://www.w3.org/2001/XMLSchema-instance"
	xmlns:p="http://www.springframework.org/schema/p"
	xsi:schemaLocation="http://www.springframework.org/schema/beans http://www.springframework.org/schema/beans/spring-beans-3.0.xsd">

 
<bean id="ans3" class="com.ford.collections.Answer1">
		<property name="ansId" value="A003"></property >
		<property name="ansBy" value="Rakesh Singh"></property >
		<property name="answers">
			<list>
				<value>MVC is an architecture Level Design Pattern ..</value>
				<value>MVC is an Architectural Style..</value>
				<value>MVC promotes Segregation of Concerns..</value>
			</list>
		</property>
</bean>
<bean id="ans4" class="com.ford.collections.Answer1">
		<property name="ansId" value="A004"></property >
		<property name="ansBy" value="Rajesh Kumar"></property >
		<property name="answers">
			<list>
				<value>MVC supports Dependency Injection ..</value>
				<value>MVC Supports AOP..</value>
				<value>MVC Promotes Inversion Of Control..</value>
			</list>
		</property>
</bean>
<bean id="ans5" class="com.ford.collections.Answer1">
		<property name="ansId" value="A005"></property >
		<property name="ansBy" value="Suman Kumar"></property >
		<property name="answers">
			<list>
				<value>AOP promotes Cross Cutting Concerns ..</value>
				<value>AOP supports Next level modularization</value>
				<value>Aspect is the Building Block of AOP</value>
			</list>
		</property>
</bean>
<bean id="ans6" class="com.ford.collections.Answer1">
		<property name="ansId" value="A006"></property >
		<property name="ansBy" value="Keerthana"></property >
		<property name="answers">
			<list>
				<value>AOP can be implemented by Using AOP-XML Configuration</value>
				<value>Also it can be implemented using ANnotations of AspectJ Project</value>
				<value>AOP stands for Aspect Oriented Programming</value>
			</list>
		</property>
</bean>


 <!-- -->
 <bean id="quest3" class="com.ford.collections.Question1">
 		<property name="questionId" value="Q003"></property>
 		<property name="question" value="What is MVC?"></property>
 		<property name="answers">
	 		<list>
	 			<ref bean="ans3" />
	 			<ref bean="ans4" />
	 		</list>
 		</property>
 </bean>
  <bean id="quest4" class="com.ford.collections.Question1">
 		<property name="questionId" value="Q004"></property>
 		<property name="question" value="What is AOP?"></property>
 		<property name="answers">
	 		<list>
	 			<ref bean="ans5" />
	 			<ref bean="ans6" />
	 		</list>
 		</property>
 </bean>


</beans>